{"cameraMode":{"drawMode":0,"name":"Shaded","section":"Shading Mode"},"sceneLighting":true,"audioPlay":false,"sceneViewState":{"showFog":false,"showMaterialUpdate":false,"showSkybox":false,"showFlares":false,"showImageEffects":false,"showParticleSystems":false},"in2DMode":false,"pivot":{"x":-2.5613300800323488,"y":0.8824107646942139,"z":10.252086639404297},"rotation":{"x":0.08605087548494339,"y":0.5869951248168945,"z":-0.06293327361345291,"w":0.8025540113449097},"size":6.68813943862915,"orthographic":false}