{"cameraMode":{"drawMode":0,"name":"Shaded","section":"Shading Mode"},"sceneLighting":false,"audioPlay":false,"sceneViewState":{"showFog":false,"showMaterialUpdate":false,"showSkybox":false,"showFlares":false,"showImageEffects":false,"showParticleSystems":false},"in2DMode":false,"pivot":{"x":0.06645958870649338,"y":-0.3133259117603302,"z":0.25934603810310366},"rotation":{"x":-0.16094332933425904,"y":0.764768660068512,"z":-0.209442600607872,"w":-0.5876796245574951},"size":1.114497423171997,"orthographic":false}