{"cameraMode":{"drawMode":0,"name":"Shaded","section":"Shading Mode"},"sceneLighting":false,"audioPlay":false,"sceneViewState":{"showFog":false,"showMaterialUpdate":false,"showSkybox":false,"showFlares":false,"showImageEffects":false,"showParticleSystems":false},"in2DMode":false,"pivot":{"x":-0.15386073291301728,"y":-0.5099021792411804,"z":0.2864329218864441},"rotation":{"x":-0.34919846057891848,"y":0.33748626708984377,"z":-0.13648709654808045,"w":-0.8634611368179321},"size":1.600806713104248,"orthographic":false}