{"cameraMode":{"drawMode":0,"name":"Shaded","section":"Shading Mode"},"sceneLighting":true,"audioPlay":false,"sceneViewState":{"showFog":false,"showMaterialUpdate":false,"showSkybox":false,"showFlares":false,"showImageEffects":false,"showParticleSystems":false},"in2DMode":false,"pivot":{"x":-0.6939517259597778,"y":-4.916098117828369,"z":-1.0769976377487183},"rotation":{"x":0.03139316290616989,"y":-0.9627900123596191,"z":0.12813642621040345,"w":0.23590980470180512},"size":1.6629711389541627,"orthographic":false}