{"cameraMode":{"drawMode":0,"name":"Shaded","section":"Shading Mode"},"sceneLighting":false,"audioPlay":false,"sceneViewState":{"showFog":false,"showMaterialUpdate":false,"showSkybox":false,"showFlares":false,"showImageEffects":false,"showParticleSystems":false},"in2DMode":false,"pivot":{"x":-8.17275619506836,"y":-5.415596961975098,"z":12.84758186340332},"rotation":{"x":-0.15910188853740693,"y":0.28207847476005556,"z":-0.047491490840911868,"w":-0.944927990436554},"size":9.123417854309082,"orthographic":false}