{"cameraMode":{"drawMode":0,"name":"Shaded","section":"Shading Mode"},"sceneLighting":true,"audioPlay":false,"sceneViewState":{"showFog":false,"showMaterialUpdate":false,"showSkybox":false,"showFlares":false,"showImageEffects":false,"showParticleSystems":false},"in2DMode":false,"pivot":{"x":-0.009643553756177426,"y":-0.5873007774353027,"z":-0.31416282057762148},"rotation":{"x":-0.03271768242120743,"y":-0.8713647127151489,"z":0.48604461550712588,"w":-0.05864899605512619},"size":1.6877636909484864,"orthographic":false}