{"cameraMode":{"drawMode":0,"name":"Shaded","section":"Shading Mode"},"sceneLighting":false,"audioPlay":false,"sceneViewState":{"showFog":false,"showMaterialUpdate":false,"showSkybox":false,"showFlares":false,"showImageEffects":false,"showParticleSystems":false},"in2DMode":false,"pivot":{"x":-0.000932544469833374,"y":-0.02499995566904545,"z":0.08113068342208862},"rotation":{"x":-0.34919846057891848,"y":0.33748626708984377,"z":-0.13648709654808045,"w":-0.8634611368179321},"size":1.4702415466308594,"orthographic":false}