{"cameraMode":{"drawMode":0,"name":"Shaded","section":"Shading Mode"},"sceneLighting":false,"audioPlay":false,"sceneViewState":{"showFog":false,"showMaterialUpdate":false,"showSkybox":false,"showFlares":false,"showImageEffects":false,"showParticleSystems":false},"in2DMode":false,"pivot":{"x":-6.571306228637695,"y":-10.919357299804688,"z":8.812261581420899},"rotation":{"x":-0.3533235788345337,"y":0.31012392044067385,"z":-0.125421941280365,"w":-0.8736615180969238},"size":9.123417854309082,"orthographic":false}